{
  "best_model": "Random Forest",
  "results": {
    "Linear Regression": {
      "mae": 1994.684057855334,
      "rmse": 2922.72631213726,
      "r2": 0.5963738992405516
    },
    "Random Forest": {
      "mae": 1441.6842895200052,
      "rmse": 2495.1697001830644,
      "r2": 0.705826789915838
    },
    "Gradient Boosting": {
      "mae": 1718.342185955122,
      "rmse": 2538.265929220815,
      "r2": 0.6955771942511659
    }
  }
}